{
  "floorplan": {
    "corners": {
      "71d4f128-ae80-3d58-9bd2-711c6ce6cdf2": {
        "x": 204.85099999999989,
        "y": -178.308
      },
      "a78fcb78-203c-14c1-ffe3-933b71a36d60": {
        "x": 491.3629999999983,
        "y": 201.67600000000007
      },
      "65171821-c995-1ca5-0ba3-825946c1ebda": {
        "x": 204.85099999999989,
        "y": 201.67600000000007
      },
      "3e9219e3-42a8-5266-a7f8-2b9b32d158ef": {
        "x": 491.3629999999983,
        "y": 356.1079999999998
      },
      "8ac799b1-d0f5-838e-e490-f969fc7adfcb": {
        "x": 204.85099999999989,
        "y": 569.4680000000001
      },
      "7bc5d0d1-b2d1-3b96-9a3b-6f5de8a9c816": {
        "x": 204.85099999999989,
        "y": 356.1079999999998
      },
      "e756c13e-ccf6-8d7b-44aa-1d4c12c18c9a": {
        "x": 491.3629999999983,
        "y": -178.308
      },
      "f55be7e4-9d52-72bb-4187-d3c9b9c71d47": {
        "x": 491.3629999999983,
        "y": 569.4680000000001
      },
      "546db71a-9b6e-910a-0e71-7d56154e80cb": {
        "x": 696.5949999999999,
        "y": 569.4680000000001
      },
      "770d4d82-2818-cb3a-af1a-66c4d2b3e9e4": {
        "x": 696.5949999999999,
        "y": 784.8600000000001
      },
      "8162bba0-1c8b-7bff-401a-9c4835fc3c34": {
        "x": 1090.8030000000015,
        "y": 784.8600000000001
      },
      "f84ccdb6-4acc-0643-5002-25581507936a": {
        "x": 822.5789999999996,
        "y": -178.308
      },
      "6515583b-010d-365e-aacf-7229654807aa": {
        "x": 1090.8030000000015,
        "y": -25.908000000000044
      },
      "b1f1a546-df4d-1d9d-81ef-82433d95e4db": {
        "x": 822.5789999999996,
        "y": -25.908000000000044
      },
      "76fde6ef-771e-ac66-a6df-805952ca415b": {
        "x": 822.5789999999996,
        "y": 372.3639999999992
      },
      "0811d6c6-5d39-95f6-34b2-9b693aff71bd": {
        "x": 1090.8030000000015,
        "y": 372.3639999999992
      },
      "e58eb55a-9113-3008-4f2c-92d4ff85b41e": {
        "x": 822.5789999999996,
        "y": 514.604
      },
      "db3b4727-1b22-5642-fda3-bd4bca7eb317": {
        "x": 1090.8030000000015,
        "y": 514.604
      },
      "00b2c048-5243-c65f-7f46-93cc5afa9bcf": {
        "x": 851.0269999999999,
        "y": 514.604
      },
      "d61fd91d-5f18-bca2-d885-e0cdd7b8d9af": {
        "x": 851.0269999999999,
        "y": 784.8600000000001
      },
      "80721207-10b8-031c-4cac-20a5f61c0f0e": {
        "x": 851.0269999999999,
        "y": 644.652
      },
      "b2b80f37-cdfb-749e-4cc7-044ceecf6a58": {
        "x": 928.2429999999998,
        "y": 644.652
      },
      "4be9448f-da38-d33a-faba-0c33ad0c5e46": {
        "x": 928.2429999999998,
        "y": 784.8600000000001
      }
    },
    "walls": [
      {
        "corner1": "71d4f128-ae80-3d58-9bd2-711c6ce6cdf2",
        "corner2": "65171821-c995-1ca5-0ba3-825946c1ebda",
        "frontTexture": {
          "url": "rooms/textures/wallmap.png",
          "stretch": true,
          "scale": 0
        },
        "backTexture": {
          "url": "rooms/textures/wallmap.png",
          "stretch": true,
          "scale": 0
        }
      },
      {
        "corner1": "65171821-c995-1ca5-0ba3-825946c1ebda",
        "corner2": "a78fcb78-203c-14c1-ffe3-933b71a36d60",
        "frontTexture": {
          "url": "rooms/textures/wallmap.png",
          "stretch": true,
          "scale": 0
        },
        "backTexture": {
          "url": "rooms/textures/wallmap.png",
          "stretch": true,
          "scale": 0
        }
      },
      {
        "corner1": "a78fcb78-203c-14c1-ffe3-933b71a36d60",
        "corner2": "e756c13e-ccf6-8d7b-44aa-1d4c12c18c9a",
        "frontTexture": {
          "url": "rooms/textures/wallmap.png",
          "stretch": true,
          "scale": 0
        },
        "backTexture": {
          "url": "rooms/textures/wallmap.png",
          "stretch": true,
          "scale": 0
        }
      },
      {
        "corner1": "e756c13e-ccf6-8d7b-44aa-1d4c12c18c9a",
        "corner2": "71d4f128-ae80-3d58-9bd2-711c6ce6cdf2",
        "frontTexture": {
          "url": "rooms/textures/wallmap.png",
          "stretch": true,
          "scale": 0
        },
        "backTexture": {
          "url": "rooms/textures/wallmap.png",
          "stretch": true,
          "scale": 0
        }
      },
      {
        "corner1": "a78fcb78-203c-14c1-ffe3-933b71a36d60",
        "corner2": "3e9219e3-42a8-5266-a7f8-2b9b32d158ef",
        "frontTexture": {
          "url": "rooms/textures/wallmap.png",
          "stretch": true,
          "scale": 0
        },
        "backTexture": {
          "url": "rooms/textures/wallmap.png",
          "stretch": true,
          "scale": 0
        }
      },
      {
        "corner1": "3e9219e3-42a8-5266-a7f8-2b9b32d158ef",
        "corner2": "7bc5d0d1-b2d1-3b96-9a3b-6f5de8a9c816",
        "frontTexture": {
          "url": "rooms/textures/wallmap.png",
          "stretch": true,
          "scale": 0
        },
        "backTexture": {
          "url": "rooms/textures/wallmap.png",
          "stretch": true,
          "scale": 0
        }
      },
      {
        "corner1": "7bc5d0d1-b2d1-3b96-9a3b-6f5de8a9c816",
        "corner2": "65171821-c995-1ca5-0ba3-825946c1ebda",
        "frontTexture": {
          "url": "rooms/textures/wallmap.png",
          "stretch": true,
          "scale": 0
        },
        "backTexture": {
          "url": "rooms/textures/wallmap.png",
          "stretch": true,
          "scale": 0
        }
      },
      {
        "corner1": "3e9219e3-42a8-5266-a7f8-2b9b32d158ef",
        "corner2": "f55be7e4-9d52-72bb-4187-d3c9b9c71d47",
        "frontTexture": {
          "url": "rooms/textures/wallmap.png",
          "stretch": true,
          "scale": 0
        },
        "backTexture": {
          "url": "rooms/textures/wallmap.png",
          "stretch": true,
          "scale": 0
        }
      },
      {
        "corner1": "f55be7e4-9d52-72bb-4187-d3c9b9c71d47",
        "corner2": "8ac799b1-d0f5-838e-e490-f969fc7adfcb",
        "frontTexture": {
          "url": "rooms/textures/wallmap.png",
          "stretch": true,
          "scale": 0
        },
        "backTexture": {
          "url": "rooms/textures/wallmap.png",
          "stretch": true,
          "scale": 0
        }
      },
      {
        "corner1": "8ac799b1-d0f5-838e-e490-f969fc7adfcb",
        "corner2": "7bc5d0d1-b2d1-3b96-9a3b-6f5de8a9c816",
        "frontTexture": {
          "url": "rooms/textures/wallmap.png",
          "stretch": true,
          "scale": 0
        },
        "backTexture": {
          "url": "rooms/textures/wallmap.png",
          "stretch": true,
          "scale": 0
        }
      },
      {
        "corner1": "e756c13e-ccf6-8d7b-44aa-1d4c12c18c9a",
        "corner2": "f84ccdb6-4acc-0643-5002-25581507936a",
        "frontTexture": {
          "url": "rooms/textures/wallmap.png",
          "stretch": true,
          "scale": 0
        },
        "backTexture": {
          "url": "rooms/textures/wallmap.png",
          "stretch": true,
          "scale": 0
        }
      },
      {
        "corner1": "f84ccdb6-4acc-0643-5002-25581507936a",
        "corner2": "b1f1a546-df4d-1d9d-81ef-82433d95e4db",
        "frontTexture": {
          "url": "rooms/textures/wallmap.png",
          "stretch": true,
          "scale": 0
        },
        "backTexture": {
          "url": "rooms/textures/wallmap.png",
          "stretch": true,
          "scale": 0
        }
      },
      {
        "corner1": "f55be7e4-9d52-72bb-4187-d3c9b9c71d47",
        "corner2": "546db71a-9b6e-910a-0e71-7d56154e80cb",
        "frontTexture": {
          "url": "rooms/textures/wallmap.png",
          "stretch": true,
          "scale": 0
        },
        "backTexture": {
          "url": "rooms/textures/wallmap.png",
          "stretch": true,
          "scale": 0
        }
      },
      {
        "corner1": "546db71a-9b6e-910a-0e71-7d56154e80cb",