{
  "floorplan": {
    "corners": {
      "f90da5e3-9e0e-eba7-173d-eb0b071e838e": {
        "x": 204.85099999999989,
        "y": 289.052
      },
      "4e3d65cb-54c0-0681-28bf-bddcc7bdb571": {
        "x": 672.2109999999999,
        "y": -178.308
      },
      "71d4f128-ae80-3d58-9bd2-711c6ce6cdf2": {
        "x": 204.85099999999989,
        "y": -178.308
      }
    },
    "walls": [
      {
        "corner1": "71d4f128-ae80-3d58-9bd2-711c6ce6cdf2",
        "corner2": "f90da5e3-9e0e-eba7-173d-eb0b071e838e",
        "frontTexture": {
          "url": "rooms/textures/wallmap.png",
          "stretch": true,
          "scale": 0
        },
        "backTexture": {
          "url": "rooms/textures/wallmap.png",
          "stretch": true,
          "scale": 0
        }
      },
      {
        "corner1": "4e3d65cb-54c0-0681-28bf-bddcc7bdb571",
        "corner2": "71d4f128-ae80-3d58-9bd2-711c6ce6cdf2",
        "frontTexture": {
          "url": "rooms/textures/wallmap.png",
          "stretch": true,
          "scale": 0
        },
        "backTexture": {
          "url": "rooms/textures/wallmap.png",
          "stretch": true,
          "scale": 0
        }
      }
    ],
    "wallTextures": [],
    "floorTextures": {},
    "newFloorTextures": {}
  },
  "items": [
    {
      "item_name": "Closed Door",
      "item_type": 7,
      "model_url": "models/js/closed-door28x80_baked.js",
      "xpos": 205.3509979248047,
      "ypos": 110.80000022010701,
      "zpos": 167.84068155581508,
      "rotation": 1.5707963267948966,
      "scale_x": 1,
      "scale_y": 1,
      "scale_z": 1,
      "fixed": false
    },
    {
      "item_name": "Window",
      "item_type": 3,
      "model_url": "models/js/whitewindow.js",
      "xpos": 445.7359694491644,
      "ypos": 131.32356227657914,
      "zpos": -177.80799865722656,
      "rotation": 0,
      "scale_x": 1,
      "scale_y": 1,
      "scale_z": 1,
      "fixed": false
    }
  ]
}
